a,NaN
aaron,NaN
abacha,NaN
aback,NaN
abby,NaN
abs,plastic
abstract,NaN
acacia,wood
accent,NaN
accents,NaN
acer,NaN
acetate,fabric
acid,NaN
acorn,wood
acres,NaN
acrylic,plastic
acryliclegs,plastic
acrylonitrile,plastic
actual,NaN
added,NaN
addison,NaN
aden,NaN
adirondack,NaN
adler,NaN
adobe,"brown,wood"
aegean,"grey,wood"
afrc,NaN
africa,NaN
african,NaN
agate,marble
agatha,NaN
aged,NaN
aggregate,NaN
aging,NaN
agonized,NaN
air,NaN
airbase,NaN
aircraft,NaN
airehyde,NaN
airplanes,NaN
aka,NaN
alabaster,marble
alaskan,NaN
alba,NaN
albania,NaN
albert,NaN
albumin,NaN
alchemy,NaN
alder,wood
alegre,NaN
alex,NaN
alfresco,NaN
alice,NaN
alien,NaN
all,NaN
alley,NaN
alliance,NaN
alligator,NaN
allover,nan
alloy,metal
almond,wood
alone,NaN
alpaca,NaN
alpine,NaN
also,NaN
alston,NaN
alton,NaN
alu,metal
aluminium,metal
aluminum,metal
aluminumchair,metal
alvaro,NaN
amanda,NaN
amaretto,brown
amazing,NaN
amazonia,NaN
amber,brown
amd,NaN
american,NaN
amethyst,purple
an,NaN
anchor,NaN
ancient,NaN
and,NaN
andhardwood,wood
anegrebrass,metal
angelo,NaN
angle,NaN
angled,NaN
angry,NaN
angus,NaN
aniline,"brown,leather"
animal,NaN
anna,NaN
anodised,NaN
antelope,NaN
anthracite,marble
anti,NaN
antibacterial,NaN
antique,NaN
antiquity,NaN
ants,NaN
any,NaN
apache,NaN
appeal,NaN
applause,NaN
apple,red
applied,NaN
applique,NaN
approved,NaN
aqua,blue
aquamarine,blue
aquatic,blue
archive,NaN
arctic,"white,grey"
are,NaN
argentinian,NaN
argos,NaN
ariel,NaN
arizona,NaN
arm,NaN
armchair,NaN
armless,NaN
armrest,NaN
arms,NaN
array,NaN
arrests,NaN
art,NaN
artic,NaN
artificial,NaN
artisan,NaN
aruba,NaN
as,NaN
asean,NaN
ash,wood
ashanti,NaN
ashbury,NaN
ashe,NaN
ashford,NaN
ashore,NaN
ashveneer,wood
ashwood,wood
asian,NaN
ask,NaN
aspen,wood
asphalt,grey
assembly,NaN
assorted,NaN
astor,NaN
astrid,NaN
atlantic,NaN
atmospheric,NaN
atomic,NaN
attic,NaN
attire,NaN
aubergine,purple
auburn,brown
aubusson,NaN
audited,NaN
aurel,NaN
aurora,NaN
austin,NaN
australia,NaN
authentic,NaN
autumn,NaN
available,NaN
availabledurable,NaN
avanti,leather
aviator,NaN
avignon,NaN
avocado,green
avodire,wood
aware,NaN
axis,NaN
azure,blue
b,NaN
ba,NaN
babur,NaN
baby,NaN
back,NaN
backing,NaN
backleather,leather
backrest,NaN
backside,NaN
bada,NaN
badger,"brown,fabric"
baffin,fabric
bag,NaN
bahama,NaN
bahia,NaN
baird,NaN
bakelite,plastic
bala,NaN
bali,NaN
ball,NaN
balliol,NaN
balmoral,NaN
baltic,NaN
bamboo,NaN
bamboozle,NaN
bambusea,NaN
banana,rattan
bananaleafandiron,metal
band,NaN
banded,NaN
bandedsatinwood,wood
banding,NaN
bands,NaN
bank,NaN
bar,NaN
bard,NaN
barely,NaN
bark,NaN
barley,NaN
barn,NaN
barnstormer,NaN
barnwood,wood
barrel,NaN
barrels,NaN
barrington,NaN
base,NaN
based,NaN
baseline,NaN
basic,NaN
basil,green
basket,NaN
baskets,NaN
bass,wood
bassano,NaN
basset,NaN
basswood,wood
bator,NaN
battleship,NaN
bay,NaN
bayeux,NaN
be,NaN
beach,NaN
beads,NaN
beams,NaN
bean,NaN
bear,NaN
bedford,NaN
bedroom,NaN
beech,wood
beechwood,wood
beer,NaN
beeswax,NaN
beethoven,NaN
begum,NaN
beige,beige
belgian,NaN
belgium,NaN
belize,NaN
bella,NaN
bellecrest,NaN
bench,NaN
bending,NaN
bennett,NaN
bent,NaN
bentley,NaN
bentwood,wood
berana,NaN
berkeley,NaN
berry,red
bespoke,NaN
bevel,NaN
bevelled,NaN
bi,NaN
bianco,NaN
bicastleather,leather
biegecushion,beige
big,NaN
bigleaf,NaN
biker,NaN
bind,NaN
bindings,NaN
bingo,NaN
birch,wood
birchwood,wood
birds,NaN
birdseye,NaN
birdwatcher,NaN
biscuit,NaN
bishop,NaN
bison,NaN
bisque,NaN
bistro,NaN
black,black
blackberry,black
blackboard,black
blackened,black
blackflatnailheads,black
blackjack,black
blackmail,black
blackplating,black
blacktempered,black
blake,NaN
blanc,white
blanche,NaN
blazing,NaN
bleached,white
blend,NaN
blended,NaN
block,NaN
blond,yellow
blood,red
blossom,NaN
blown,NaN
blue,blue
blue-white,blue
blueberry,blue
bluestone,"blue,marble"
blush,NaN
board,wood
boardoard,wood
boardwalk,wood
boat,NaN
body,NaN
bois,NaN
bold,NaN
boldwood,wood
bolt,NaN
boltwood,wood
bomber,NaN
bonded,NaN
bone,NaN
bonington,NaN
bonus,NaN
bookmarks,NaN
boomerang,NaN
bopper,NaN
bordeaux,NaN
boston,NaN
bottom,NaN
boulder,NaN
boulle,NaN
bounded,NaN
bouquet,NaN
bowden,NaN
box,NaN
boxwood,wood
braemar,NaN
braid,NaN
braised,NaN
brandon,NaN
brandy,brown
brandywine,brown
branston,NaN
brass,metal
brazilian,NaN
breathable,NaN
breeze,NaN
brentwood,wood
brian,NaN
briar,NaN
brick,NaN
bricklayer,NaN
bridal,NaN
bright,NaN
brilliance,NaN
brilliant,NaN
brindle,NaN
british,NaN
broke,NaN
bromley,NaN
brompton,NaN
bronze,metal
brought,NaN
brown,brown
brownish,brown
brownstone,brown
brush,NaN
brushed,NaN
brushing,NaN
bubblegum,NaN
buck,NaN
buckey,NaN
buckskin,NaN
buckwheat,NaN
buff,NaN
buffalo,NaN
built,NaN
bull,wood
bulldozer,NaN
bullwood,wood
bulrush,rattan
bungee,NaN
bureau,NaN
burgundy,red
buried,NaN
burn,NaN
burned,NaN
burnished,NaN
burnt,orange
but,NaN
butadiene,plastic
butter,NaN
butterfat,NaN
buttermilk,NaN
button,NaN
buttons,NaN
buying,NaN
by,NaN
byzantine,NaN
c,NaN
ca,NaN
cabbie,NaN
cabernet,NaN
cable,NaN
cabo,NaN
cactus,NaN
cadet,NaN
cadiz,NaN
cafe,brown
cain,NaN
calcutta,NaN
calderwood,wood
caledon,NaN
callbox,NaN
calloway,NaN
camacha,NaN
cambric,NaN
camel,NaN
camera,NaN
cameron,NaN
camirawool,fabric
camo,NaN
camouflage,NaN
campaign,NaN
camphor,NaN
can,NaN
canadian,NaN
canary,wood
candid,NaN
candy,NaN
cane,NaN
caned,NaN
caning,NaN
canopy,NaN
cantona,NaN
canvas,NaN
canyon,NaN
capacity,NaN
caper,NaN
cappuccino,brown
capri,NaN
caps,NaN
captures,NaN
car,NaN
caramel,brown
caramelised,brown
carb,NaN
carbon,black
carbonate,NaN
cardinal,NaN
care,NaN
caressoft,NaN
caressoftplus,NaN
caribbean,NaN
caribou,NaN
carlton,NaN
carmelo,NaN
carmine,NaN
carnation,NaN
carnelian,NaN
carpenter,NaN
carrara,NaN
carrel,NaN
carrera,NaN
cartagena,NaN
carton,NaN
carved,NaN
carys,NaN
casablanca,NaN
cascade,NaN
cashew,NaN
cashmere,NaN
cast,NaN
castdfoam,foam
casters,NaN
castings,NaN
castle,NaN
castletown,NaN
catalina,NaN
cathedral,NaN
catherwood,wood
caviar,black
cedar,wood
cedarwood,wood
celadon,green
celery,green
celestial,NaN
cement,concrete
ceramic,ceramic
ceramics,ceramic
cereal,NaN
cerejeira,wood
cerejiera,wood
ceremony,NaN
cerise,NaN
certified,NaN
cfs,NaN
chablis,NaN
chain,NaN
chair,NaN
chaise,NaN
chalet,NaN
chalk,NaN
challenger,NaN
champagne,grey
champion,NaN
channel,NaN
chaplain,NaN
char,NaN
character,NaN
charcoal,black
charger,NaN
chartreuse,"green,fabric"
chateau,beige
chatterley,NaN
che,NaN
checkmate,NaN
cheetah,NaN
chemical,NaN
chenille,fabric
cherry,wood
cherryresin,wood
cherrywood,wood
chesham,NaN
chesnut,wood
chess,NaN
chesterfield,NaN
chestnut,brown
chevron,NaN
chicago,NaN
chico,NaN
chilean,NaN
chili,NaN
china,NaN
chinchilla,NaN
chine,NaN
chinese,NaN
chiparticle,NaN
chipboard,wood
chips,NaN
chipset,NaN
chiselled,NaN
chloride,NaN
choc,brown
chocolate,brown
choice,NaN
chrome,metal
chrome-plated,metal
chromed,metal
chromium,metal
chronicle,NaN
cider,NaN
cigar,NaN
cinnabar,NaN
cinnamon,NaN
cipriani,NaN
circle,NaN
circles,NaN
circular,NaN
citalia,NaN
cite,NaN
citrine,NaN
citron,NaN
citrus,NaN
clad,NaN
claret,NaN
clarion,NaN
classic,NaN
clay,NaN
clear,NaN
clementine,NaN
cliffside,NaN
clipstone,NaN
clock,NaN
cloth,fabric
clothing,fabric
cloud,NaN
clr,NaN
club,NaN
cm,NaN
co,NaN
coach,NaN
coal,NaN
coast,NaN
coastal,NaN
coat,NaN
coated,NaN
coating,NaN
coats,NaN
cobalt,blue
cobblestones,rock
coco,NaN
cocoa,brown
cocobolo,NaN
coconut,NaN
coding,NaN
coffee,brown
coffeebean,brown
cognac,brown
coil,NaN
coils,NaN
cold,NaN
coleman,NaN
collected,NaN
collin,NaN
collis,NaN
colonial,NaN
color,NaN
colored,NaN
colors,NaN
column,NaN
combination,NaN
combine,NaN
combo,NaN
commercial,NaN
common,NaN
compliant,NaN
components,NaN
composite,NaN
composites,NaN
compressed,NaN
concrete,concrete
cone,NaN
confetti,NaN
conjugated,NaN
connection,NaN
connectionchair,NaN
connectors,NaN
constructed,NaN
construction,NaN
constructions,NaN
contact,NaN
contemporary,NaN
content,NaN
contrast,NaN
cool,NaN
cooper,metal
copper,metal
coral,wood
corbin,NaN
cord,NaN
cordial,NaN
cordova,NaN
core,NaN
cork,NaN
corn,NaN
cornell,NaN
corner,NaN
corners,NaN
cornflower,NaN
cornhill,NaN
corrected,NaN
cortex,NaN
cost,NaN
cosy,NaN
cottage,NaN
cotton,fabric
cotton-wool,fabric
countess,NaN
country,NaN
court,NaN
courtyard,NaN
coventry,NaN
cover,NaN
covered,NaN
covering,NaN
cow,NaN
cowboy,NaN
cowhide,NaN
cowling,NaN
cozy,NaN
cracked,NaN
crackle,NaN
crackled,NaN
craft,NaN
crafted,NaN
craftsman,NaN
cranapple,NaN
cranberry,NaN
crayon,NaN
crazy,NaN
cream,beige
creambeige,beige
creamy,beige
creche,NaN
credo,NaN
creme,beige
crepe,NaN
cresting,NaN
crimson,red
croc,NaN
crocodile,NaN
crome,NaN
cross,NaN
crossroads,NaN
crotch,NaN
crown,NaN
cruet,NaN
crush,NaN
crushed,NaN
crystal,glass
crystals,glass
cs,NaN
culpepper,NaN
cumin,NaN
cunningham,wood
cunnnghamia,wood
cup,NaN
cups,NaN
cured,NaN
curl,NaN
curly,NaN
curved,NaN
cushion,NaN
cushionchair,NaN
cushioning,NaN
cushions,NaN
custom,NaN
cut,NaN
cycled,NaN
cypress,wood
d,NaN
dacron,fabric
daisy,NaN
dakota,NaN
damask,fabric
dance,NaN
danielle,NaN
danish,NaN
danubian,NaN
dark,NaN
darkish,NaN
dash,NaN
days,NaN
de,NaN
deadwood,wood
deal,NaN
deco,NaN
decor,NaN
decoration,NaN
decorative,NaN
decoupage,NaN
deep,NaN
default,NaN
delay,NaN
delilah,NaN
denali,NaN
denim,fabric
density,NaN
denton,NaN
denver,NaN
derby,NaN
description,NaN
desert,NaN
design,NaN
desiree,NaN
destroyed,NaN
destruction,NaN
detail,NaN
detailing,NaN
details,NaN
devon,NaN
dexter,NaN
di,NaN
dia,NaN
diameter,NaN
diamond,NaN
dickens,NaN
die,NaN
dimpled,NaN
dining,NaN
dirty,NaN
disc,NaN
disk,NaN
displayed,NaN
distress,NaN
distressed,NaN
distressing,NaN
divina,NaN
dk,NaN
dock,NaN
document,NaN
dodger,NaN
doe,NaN
does,NaN
dolmen,NaN
dolphin,NaN
doors,NaN
dorian,NaN
dorrell,NaN
dot,NaN
double,NaN
douglas,NaN
dougray,grey
dove,NaN
dover,NaN
dowel,NaN
down,NaN
downton,NaN
dragon,NaN
drawer,NaN
drawers,NaN
drawershoneycomb,NaN
dream,NaN
dress,NaN
dresser,NaN
dried,NaN
drift,wood
driftwood,wood
drum,NaN
dry,NaN
ducal,NaN
duck,NaN
dum,NaN
duma,NaN
dune,NaN
dunes,NaN
dupion,NaN
durable,NaN
durawood,wood
during,NaN
dusk,NaN
dust,NaN
dusty,NaN
dutch,NaN
dyed,NaN
ea,NaN
each,NaN
eagle,NaN
ear,NaN
earl,NaN
earls,NaN
early,NaN
earth,brown
earthen,brown
eased,NaN
eastwood,wood
easy,NaN
ebony,wood
echo,NaN
eclipse,NaN
eco,NaN
eco-friendly,NaN
ecomalta,NaN
ecopelle,leather
ecu,NaN
eden,NaN
edge,NaN
edges,NaN
edward,NaN
egg,NaN
eggplant,purple
eggshell,NaN
egyptian,NaN
eiffel,NaN
elastic,NaN
elderberry,purple
eldon,NaN
eldorado,NaN
electric,NaN
electroplated,NaN
elegantly,NaN
elephant,NaN
elm,wood
elmwood,wood
eloise,NaN
ember,NaN
embers,NaN
emerald,"blue,green"
emission,NaN
empire,NaN
emu,NaN
en,NaN
enamelled,NaN
encased,NaN
engine,NaN
engineered,NaN
engineering,NaN
english,NaN
envirowood,wood
enzyme,NaN
epoxy,NaN
equalizing,NaN
erato,NaN
erie,NaN
erik,NaN
escape,NaN
espresso,NaN
essence,NaN
etched,NaN
eton,NaN
eucalyptus,NaN
european,NaN
eva,NaN
evenwood,wood
exeter,NaN
exotic,NaN
expectation,NaN
expertly,NaN
exposed,NaN
express,NaN
extension,NaN
exterior,NaN
extra,NaN
extradite,NaN
eye,NaN
eyed,NaN
fabric,fabric
fabricfabric,fabric
fabrics,fabric
face,NaN
faint,NaN
fall,NaN
fan,NaN
fandango,NaN
far,NaN
farmed,NaN
farmhouse,NaN
faslane,NaN
faux,NaN
fawn,NaN
fb,NaN
fe,NaN
feather,NaN
feathers,NaN
features,NaN
federal,NaN
fedora,NaN
feet,NaN
felix,NaN
felt,NaN
felted,NaN
felton,NaN
fenton,NaN
fern,NaN
ferry,NaN
fibers,NaN
fibre,NaN
fibreboard,wood
fibreglass,glass
fiddle,NaN
fiery,NaN
figured,NaN
fill,NaN
filling,NaN
fine,NaN
finger,NaN
finish,NaN
finished,NaN
finishes,NaN
finishing,NaN
finland,NaN
fir,NaN
fire,NaN
firefoam,foam
fireproof,NaN
firewood,wood
firm,NaN
fisher,NaN
fittings,NaN
flair,NaN
flakeboard,wood
flam,NaN
flame,NaN
flamenco,NaN
flamingo,NaN
flannel,NaN
flannelette,NaN
flat,NaN
flatsuede,leather
flax,NaN
flint,NaN
flooring,NaN
floral,floral
florentine,NaN
flower,floral
flowerbed,floral
flowers,floral
fluid,NaN
fluorescent,NaN
fluted,NaN
flux,NaN
foam,foam
foamchromed,"foam,metal"
foamleather,"foam,leather"
fog,NaN
foil,NaN
folded,NaN
food,NaN
foot,NaN
footpads,NaN
for,NaN
fora,NaN
ford,NaN
forest,green
forged,NaN
formal,NaN
formalized,NaN
formica,NaN
forsythia,NaN
forum,NaN
fossil,rock
fossilstone,rock
foundry,NaN
foxy,NaN
fp,NaN
fr,NaN
fram,NaN
frame,NaN
frameadditional,NaN
frames,NaN
framework,NaN
framing,NaN
franconia,NaN
fraxinus,NaN
free,NaN
freehand,NaN
freepost,NaN
french,NaN
fret,NaN
friendly,NaN
from,NaN
front,NaN
frost,white
frosted,white
fruit,NaN
fruitwood,wood
fsc,NaN
fuchsia,purple
fudge,NaN
full,NaN
fullerton,NaN
fully,NaN
fumed,NaN
function,NaN
fur,NaN
furniture,NaN
fynn,NaN
gable,NaN
gabrielle,NaN
galaxy,NaN
galician,NaN
gallery,NaN
gallon,NaN
galvanized,NaN
garnet,NaN
gatsby,NaN
gaucho,NaN
gauge,NaN
gazette,NaN
gel,NaN
gene,NaN
generously,NaN
gent,NaN
genuine,NaN
geo,NaN
geometric,NaN
german,NaN
ghana,NaN
ghost,NaN
gifted,NaN
gilded,NaN
gilt,wood
giltwood,wood
gino,NaN
giotto,NaN
girl,NaN
gl,NaN
glacier,NaN
glamour,NaN
glass,glass
glassstainless,glass
glaucous,NaN
glaze,NaN
glazed,NaN
glide,NaN
glides,NaN
glidetransparent,NaN
glitter,NaN
gloss,NaN
glossy,NaN
gloucester,NaN
glow,NaN
glue,NaN
glued,NaN
glynn,NaN
goat,NaN
godiva,NaN
gold,gold
golden,gold
goldener,gold
goldenrod,gold
golding,gold
goldleaf,gold
goldstone,gold
goldwashed,gold
goose,NaN
grade,NaN
grafton,NaN
graham,NaN
grain,NaN
grained,NaN
grammercy,NaN
grandis,NaN
granite,marble
grape,purple
grapevine,"wood,glass"
graphic,NaN
graphite,black
gras,NaN
grass,rattan
grasscloth,NaN
gravesend,NaN
gray,grey
graywash,grey
great,NaN
green,green
greensward,green
greenwich,green
greig,NaN
grenadine,NaN
gresham,NaN
grey,grey
greycushion,grey
greyish,grey
greystone,NaN
greywhiteespresso,grey
grieve,NaN
gris,NaN
groove,NaN
groovy,NaN
ground,NaN
grove,
grown,NaN
growth,NaN
guanacaste,"brown,wood"
guancaste,"brown,wood"
guide,NaN
guido,NaN
gull,NaN
gum,NaN
gummy,NaN
gun,NaN
gunmetal,NaN
gypsum,NaN
h,NaN
hair,NaN
hairpin,NaN
half,NaN
hallingdal,NaN
hammer,NaN
hammered,NaN
hampton,NaN
hand,NaN
handcrafted,NaN
handgrip,NaN
handle,NaN
handles,NaN
handlesfaux,NaN
handling,NaN
handmade,NaN
handout,NaN
handpainted,NaN
handtaffted,NaN
hanging,NaN
hanson,NaN
harbor,NaN
hard,NaN
hardware,NaN
hardwaresolid,NaN
hardwood,wood
hardwoodresin,wood
hardwoods,wood
harvest,NaN
harvested,NaN
harwood,wood
havana,NaN
have,NaN
haven,NaN
hawaii,NaN
haze,NaN
hazel,"wood,brown"
hazelnut,brown
hazelwood,wood
hazy,NaN
hd,NaN
hdf,NaN
head,NaN
heads,NaN
heart,NaN
heat,NaN
heather,NaN
heavily,NaN
heavy,NaN
heirloom,NaN
hematite,NaN
hemingway,NaN
hemlock,NaN
hemp,NaN
henna,NaN
herbal,NaN
herbs,NaN
herculean,NaN
heritage,NaN
herringbone,NaN
hexagon,NaN
hi,NaN
hi-fi,NaN
hickory,NaN
hide,NaN
high,NaN
highest,NaN
highlight,NaN
highlights,NaN
highly,NaN
hill,NaN
hillel,NaN
hills,NaN
himalayan,NaN
hinges,NaN
hobby,NaN
holder,NaN
holding,NaN
holdings,NaN
hollingsworth,NaN
hollow,NaN
hollowboard,wood
hollywood,NaN
homespun,NaN
honed,NaN
honey,NaN
honeycomb,NaN
hood,NaN
hook,NaN
hope,NaN
horizon,NaN
horn,NaN
horse,NaN
horsehair,NaN
hot,NaN
house,NaN
how,NaN
hp,NaN
hr,NaN
hudson,NaN
hugo,NaN
humdrum,NaN
hume,NaN
hunter,NaN
huntington,NaN
husk,rattan
hyacinth,rattan
hyde,NaN
hydra,NaN
hylas,NaN
ice,NaN
ii,NaN
imbued,NaN
imperial,NaN
implosion,NaN
imported,NaN
in,NaN
inch,NaN
included,NaN
including,NaN
indian,NaN
indica,NaN
indigo,purple
indira,NaN
indonesian,NaN
industrial,NaN
injection,NaN
ink,NaN
inky,NaN
inlaid,NaN
inlay,NaN
inlays,NaN
inner,NaN
inserts,NaN
inset,NaN
inside,NaN
interior,NaN
interlocking,NaN
internal,NaN
intuit,NaN
intuition,NaN
ireland,NaN
iris,NaN
iron,metal
ironfabric,metal
ironnailhead,metal
is,NaN
island,NaN
islander,NaN
italia,NaN
italian,NaN
italianppm,NaN
items,NaN
ives,NaN
ivory,white
izzy,NaN
jacaranda,NaN
jack,NaN
jacket,NaN
jackson,NaN
jacobean,NaN
jacquard,NaN
jade,NaN
jamaica,NaN
jasmine,NaN
java,NaN
javawood,wood
jazzy,NaN
jefferson,NaN
jessie,NaN
jet,NaN
jetty,NaN
jewel,NaN
jitterbug,NaN
joinery,NaN
jointed,NaN
jubilant,NaN
jubilee,NaN
jupiter,NaN
jute,NaN
k,NaN
kalahari,NaN
karelia,NaN
kashmir,NaN
kat,NaN
kate,NaN
kd,NaN
ke,NaN
keats,NaN
keen,NaN
keira,NaN
kelly,NaN
kelp,NaN
kg,NaN
khaki,fabric
khan,NaN
kiln,NaN
kingston,NaN
kingswood,wood
kingwood,wood
kiwi,NaN
klein,NaN
knit,NaN
knobs,NaN
knotted,NaN
knotty,NaN
koa,NaN
kong,NaN
kraft,NaN
krypton,NaN
kubusplit,NaN
kudu,NaN
kundera,NaN
kyoto,NaN
lack,NaN
lacquer,NaN
lacquered,NaN
ladies,NaN
lagoon,blue
laguna,NaN
lake,NaN
lakewood,wood
lal,NaN
lamb,NaN
lambs,NaN
lambskin,NaN
laminate,NaN
laminated,NaN
lamination,NaN
lamont,NaN
lanceolata,wood
landscape,NaN
lane,NaN
langdon,NaN
langheinrich,NaN
langstone,NaN
lantern,NaN
larch,NaN
large,NaN
largesilvernails,NaN
laser,NaN
late,NaN
lattice,NaN
latticework,NaN
laura,NaN
laurel,NaN
laurelwood,wood
lauren,NaN
laurentian,NaN
lauro,x
lava,x
lavender,purple
lavin,x
layered,x
layers,x
lbs,x
lead,metal
leaded,metal
leaf,x
leafed,x
lean,x
learnable,x
leathart,x
leather,leather
leatherchromed,leather
leatherette,leather
leatherhigh,leather
leathermerino,leather
leathernail,leather
leatherplus,leather
leathersoft,leather
leathersteel,leather
leaves,x
leg,x
legs,x
leiden,x
lemon,yellow
lemonade,yellow
lena,x
lenin,x
leo,x
leopard,x
less,x
lethal,x
letter,x
lichen,fabric
light,x
lightly,x
lightman,x
lightweight,x
like,x
lillian,x
lime,x
limed,x
limerick,x
limestone,rock
limewash,white
limewood,wood
limp,x
lin,x
linden,x
lindy,x
line,x
linen,fabric
linenleather,leather
linennail,fabric
linenresin,fabric
linenresinleather,fabric
linked,x
lint,x
lion,x
lipstick,x
liquorice,black
lite,x
littlewood,wood
live,x
local,x
locally,x
locust,x
loden,x
lodge,x
loft,x
log,wood
logs,wood
london,x
longhorn,x
look,x
loom,x
loosecover,x
lotus,x
lounge,x
low,x
lowered,x
loyal,x
lozenge,x
lucerne,x
lucie,x
lukas,x
lumber,wood
lunar,x
lychees,x
lyme,x
macrone,x
macrophylla,x
madagascar,x
made,x
madeira,x
magenta,pink
magnesia,x
magnesium,metal
maharaj,x
mahogany,wood
mahoganyacacia,wood
mahoganycherry,wood
mahoganyfaux,wood
mahoganyinlaid,wood
maize,x
makassar,wood
malaquania,wood
malaysian,x
malaysianoak,wood
malibu,x
mallard,x
man,x
manager,x
manchester,x
manchurian,x
mandarin,x
mangifera,wood
mango,yellow
mangowood,wood
manila,x
manor,wood
manufacture,x
manufactured,x
map,x
maple,wood
mappa,x
mara,x
maraschino,x
marble,marble
marbled,marble
margo,x
maria,x
marigold,yellow
marina,x
marine,blue
marino,x
marker,x
marlow,x
maroon,red
marquetry,wood
marron,x
marsh,x
martell,x
marwood,wood
masai,x
masala,x
massoniana,x
master,x
mat,x
match,x
matched,x
matching,x
material,x
materials,x
matrix,x
matt,x
matte,x
mauve,x
maximus,x
maxwell,x
may,x
mayberry,x
mayfair,x
mayfield,x
mazarin,x
maze,x
mcl,x
mdf,x
mdfandiron,wood
mdfwithashveneer,wood
mdfwithpaperveneer,wood
mdp,wood
meander,x
mecca,x
mechanism,x
med,x
medaglia,x
medal,x
medallion,x
medea,x
mediterranean,x
medium,x
melamine,plastic
melange,x
melina,x
melissa,x
mellow,x
melody,x
melon,wood
memento,x
memories,x
memory,x
memphis,x
mental,x
mercury,silver
merino,x
merlot,blue
mesh,x
meta,x
metal,metal
metall,metal
metallic,metal
metals,metal
metaware,x
methacrylate,glass
miami,x
michaels,x
micro,x
microfibre,fabric
microsuede,fabric
microtweed,fabric
middle,x
midland,x
midnight,x
milan,x
milano,wood
mild,x
milestone,x
milford,x
military,x
milk,x
millcraft,x
mind,x
mineral,marble
mink,wood
mint,green
minty,x
mir,x
mirror,glass
mirrored,glass
missing,x
mission,x
mist,x
misty,x
mix,x
mixed,x
mixture,x
mm,x
mnr,x
mob,x
moccasin,leather
mocha,wood
mock,x
modern,x
modified,x
mohair,fabric
mohan,x
moisture,x
mojave,x
molasses,x
mole,x
moment,x
monahan,x
monkey,x
montage,x
monza,x
moon,x
moonbeam,x
moonlight,x
mop,x
morandi,x
morgan,x
morning,x
moro,x
moroccan,x
morocco,x
mosaic,x
mosquito,x
moss,green
mossy,green
most,x
mother,x
motion,x
mottled,x
moulded,x
mountain,x
mounts,x
moving,x
mozambique,x
mozart,x
mt,x
multi,x
multibrown,brown
multicolour,x
multicoloured,x
multiple,x
mum,x
muse,x
mushroom,wood
muskoka,x
mustard,yellow
muted,x
my,x
myrtle,wood
mystere,x
n,x
na,x
nad,x
naga,x
nail,x
nails,x
nailsmahoganyitalian,wood
nailsmahoganytufted,wood
namesake,x
namur,x
nan,x
nantucket,x
napkin,x
nat,x
natalie,x
native,x
natural,x
naturally,x
naturals,x
nature,x
naugahyde,leather
nautical,x
nautilus,x
nautolex,x
navaho,x
navy,x
naylor,x
nc,x
nctopcoating,x
need,x
negro,x
neo,x
neon,x
neptune,blue
nero,x
nest,x
nettle,x
neutral,x
neville,x
new,x
niche,x
nickel,metal
nickelcasters,metal
nickle,metal
night,x
nine,x
nitrocellulosecoating,plastic
nizan,x
no,x
nobility,x
noir,x
noise,x
non,x
nonwoven,x
nordic,x
normal,x
north,x
nosed,x
nostalgic,x
not,x
notion,x
nougat,x
nouveau,x
novella,x
nude,beige
nugget,x
nut,brown
nutmeg,brown
nylon,fabric
oak,wood
oakwalnut,wood
oakwood,wood
oasis,x
oat,beige
oatmeal,beige
obsidian,marble
ocean,blue
ochre,brown
ocs,x
odin,x
of,x
off,x
offered,x
oil,x
oiled,x
okoumu,x
okumee,x
okuome,x
old,x
olde,x
olive,x
olympia,x
on,x
only,x
onoue,x
onyx,marble
opaque,x
ops,x
optic,x
option,x
optional,x
opulent,x
or,x
orange,orange
orangerie,x
orchard,x
orchid,wood
oregon,wood
organic,x
original,x
orleans,x
ormolumahoganycherry,wood
oslo,x
ostrich,x
other,x
others,x
otter,x
ottoman,x
out,x
oval,x
over,x
overcast,x
overlay,x
overly,x
ovum,x
owl,x
oxford,x
oxide,x
oxidized,x
oyster,wood
p,x
paceman,x
pacific,x
pad,x
padded,x
padding,x
padre,x
pads,x
paige,x
paint,x
painted,x
painting,x
pair,x
paisley,x
palance,x
pale,x
palermo,x
palette,x
palisade,x
pallets,x
palm,wood
palomino,x
panache,x
pandora,x
pane,x
panel,x
panels,x
papaya,orange
pape,x
paper,x
paprika,wood
paradigm,x
paradise,x
parchment,x
pareto,x
parish,x
parisian,x
parker,x
parkwood,wood
parliament,x
parquet,wood
parquetry,wood
parsons,x
partial,x
particle,wood
particleboard,wood
pastel,x
patched,x
patchwork,x
patent,x
patina,wood
pattern,x
patternchromed,x
patterned,x
pau,x
paula,x
paulownia,wood
paver,x
paying,x
pb,wood
pbc,wood
pc,wood
pe,wood
pea,green
peach,orange
peacock,blue
peak,x
peanut,brown
pear,green
pearl,white
pearlizzed,white
pearwood,wood
pebble,marble
pecan,brown
peck,x
pedestal,x
peel,x
pellets,x
pen,x
penny,wood
pepper,wood
peppermint,green
percent,x
perennial,x
perforated,x
performance,x
period,x
periwinkle,blue
persian,x
persimmon,orange
person,x
perused,x
pesc,x
petrified,x
petrol,x
pewter,metal
phantom,x
phase,x
photo,x
phthalate,plastic
piano,x
pickled,x
piece,x
pier,x
pillow,x
pillows,x
pin,x
pine,wood
pinewood,wood
pink,pink
pinpoint,x
pinto,x
pinus,wood
pipe,x
pipeironframe,metal
pipes,x
piping,x
pistachio,green
pj,x
pl,x
plaid,x
plain,x
plank,x
planks,x
plantain,x
plantation,x
planting,x
plaque,x
plastic,plastic
plasticchair,plastic
plate,x
plated,x
plates,x
platform,x
plating,x
platinum,x
played,x
plaything,x
please,x
pleated,x
plexiglass,glass
plum,purple
plush,x
ply,wood
plyshell,wood
plywood,wood
plywoodsinuous,wood
pmma,glass
pocket,x
pod,x
polar,x
pole,x
poleglass,glass
poles,x
polish,x
polished,x
polly,fabric
polo,x
poly,x
polybrene,fabric
polycarbon,plastic
polycarbonate,plastic
polychrome,x
polycotton,fabric
polydacron,fabric
polyester,fabric
polyesterpropylene,fabric
polyethylene,fabric
polyfiber,fabric
polyfilla,x
polygram,x
polylinker,x
polymer,x
polynesian,x
polyprolyne,plastic
polyprop,x
polypropylene,plastic
polystyrene,plastic
polyureth,fabric
polyurethane,fabric
polyvinyl,plastic
polyvinylchloride,plastic
polywhey,x
pond,x
ponderosa,wood
pony,x
pool,x
pop,x
poplar,x
poppy,x
popular,x
porcelain,ceramic
port,x
portobello,x
portofino,x
portsmouth,x
portugal,x
poseidon,x
post,x
posts,x
potato,orange
pottery,ceramic
powder,x
powdercoated,x
powdercoatediron,x
powdercoating,x
power,x
powerboat,x
pozzo,x
pp,plastic
ppm,fabric
prayed,x
pre,x
premium,x
pressure,x
prima,x
primarily,x
primavera,wood
print,x
printed,x
prism,x
proba,x
processed,x
product,x
products,x
profile,x
proline,x
proof,x
propane,x
protective,x
providence,x
provincial,x
prussian,x
pu,x
pueblo,x
pulls,x
pumice,x
pumpkin,orange
punch,x
pure,x
purple,purple
putty,plastic
pvc,plastic
qi,x
quality,x
quarry,x
quarter,x
quartered,x
quartz,marble
quick,grey
quicksilver,x
quilted,x
rabia,x
raconteur,x
radar,x
radiate,x
raffia,wood
railhead,x
railheads,x
rails,x
railway,x
rain,x
rainbow,x
rainier,x
ranch,x
random,x
ranger,x
rare,x
rattan,rattan
rattanframe,rattan
rattankubu,rattan
rattankubugreyandhardwood,rattan
rattanlacak,rattan
rattanseatweave,rattan
rattanslimit,rattan
rave,x
raven,x
raw,x
rawhide,x
ray,x
rayon,x
re,x
ready,x
real,x
realistic,x
rear,x
recast,x
recessed,x
reclaim,x
reclaimed,x
reclined,x
reclining,x
reconstituted,x
rectangular,x
recyclable,x
recycle,x
recycled,x
red,red
reddish,red
redwashed,red
redwood,x
reef,x
reflective,x
regal,x
regatta,x
regenerated,x
regent,x
regis,x
regular,x
regum,x
reign,x
rein,x
reinforced,x
removable,x
renovation,x
repurposed,x
required,x
reserve,x
resilience,x
resiliency,x
resilient,x
resin,x
resistant,x
rest,x
reston,x
restoration,x
rests,x
retardant,x
retreat,x
retro,x
riata,x
ribbon,x
rice,x
rich,x
rider,x
ridge,x
right,x
rigidity,x
ring,x
ringonback,x
rip,x
river,x
riverside,x
riverwash,x
rivets,x
roast,brown
robemaker,x
robin,x
robins,x
robust,x
rock,rock
rocker,x
rockers,x
rod,x
rods,x
role,x
roll,x
rolled,x
roma,x
romero,x
rook,x
root,x
roots,x
rope,x
ropemaker's,x
ropy,x
rosa,x
rose,x
rosewood,wood
rosie,x
rouge,x
rough,x
rough-hewn,x
round,x
rounded,x
row,x
royal,x
rp,x
rub,x
rubbed,x
rubber,x
rubberwood,wood
ruberwood,wood
ruby,red
rum,x
runners,x
rush,x
russet,x
rust,x
rusted,x
rustic,x
rusty,x
s,x
sable,wood
saddle,wood
saddlebrown,wood
safe,x
safety,x
saffron,orange
safi,x
sag,x
sage,wood
sagebrush,wood
sahara,x
said,x
sail,fabric
sailcloth,fabric
sal,x
salad,x
salcombe,x
sale,x
salmon,x
salon,x
salsa,x
salt,x
salted,x
salvage,x
salvaged,x
saman,x
samantha,x
same,x
san,x
sand,rock
sandalwood,wood
sandblast,x
sandblasted,x
sanded,x
sandstone,rock
sandy,x
sane,x
santa,x
santiago,x
santos,x
sapphire,blue
sassafras,wood
satin,fabric
satinwood,wood
sauvage,x
savage,x
savannah,x
savannahblack,wood
savile,x
savory,x
savvy,x
sawn,x
say,x
sayeed,x
scalloped,x
scandinavian,x
scientific,x
scooping,x
scorch,x
scorched,x
scratched,x
screw,x
screws,x
script,x
scroll,x
scuba,x
sdf,x
sea,x
seafood,x
seagrass,wood
seaham,x
seal,x
sealant,x
sealed,x
sealer,x
seared,x
seascape,x
seaside,x
season,x
seat,x
seatchenille,x
seating,x
seatlinennail,x
seats,x
second,x
see,x
seed,x
seeded,x
seely,x
select,x
selected,x
semolina,x
seneca,x
sensations,x
sense,x
sepia,x
sequoia,x
serenity,x
series,x
set,x
sewn,x
shade,x
shades,x
shadow,x
shale,x
shalimar,x
shama,x
shape,x
shaped,x
shapes,x
shark,x
sharpen,x
sheathing,x
sheehan,x
sheep,x
sheepskin,x
sheet,x
sheets,x
shelby,x
shelf,x
shell,x
shelves,x
shield,x
shining,x
shiny,x
ship,x
shoal,x
shoals,x
shock,x
shorea,x
shoreham,x
shown,x
showstopper,x
showtime,x
shredded,x
sicilian,x
sicily,x
side,x
sides,x
sienna,wood
sierra,x
signal,x
signature,x
silicon,x
silicone,plastic
silk,fabric
silopi,x
silver,silver
silver-plated,silver
silverdale,silver
silvered,silver
silverfoil,silver
silverfox,silver
silvernailheads,silver
silverstein,silver
simian,x
simulated,x
single,x
sinuous,x
sisal,x
sisson,x
sitka,x
sits,x
size,x
sizzle,x
skill,x
skin,x
skinny,x
sky,x
slab,x
slate,x
slats,x
slid,x
sling,x
slip,x
slipcovered,x
slipcovers,x
sliver,silver
sloane,x
small,x
smc,x
smoke,x
smoked,x
smokey,x
smoky,x
smooth,x
snake,x
snakeskin,x
snap,x
snow,white
soap,x
soaped,x
soft,x
softsuede,x
soils,x
soleil,x
solid,x
solids,x
solution,x
son,x
song,x
sonoma,x
soon,x
sorrel,x
southern,x
southpaw,x
spa,x
space,x
spade,x
spanish,x
sparkle,x
special,x
species,x
spice,x
spirit,x
splash,x
splattered,x
split,x
sponge,x
spotless,x
spotted,x
spray,x
spring,x
springs,x
springtime,x
sprite,x
spruce,x
sprung,x
spun,x
square,x
sr,x
ss,x
stagecoach,x
stain,x
stained,x
stainless,x
stainless-steel,metal
stallion,x
stamp,x
stampede,x
stand,x
standard,x
stanton,x
star,x
star-struck,x
starburst,x
starlet,x
starlight,x
station,x
steamboat,x
steel,metal
steelpvc,x
steels,metal
steeltube,metal
steelwhite,metal
stella,x
stems,x
stencil,x
stepping-stone,rock
sterling,x
stewart,x
stick,x
still,x
stitch,x
stitching,x
stock,x
stockport,x
stoked,x
stone,rock
stonehouse,x
stoneware,rock
stonewashed,grey
store,x
storm,grey
stormy,x
strap,x
strathmore,x
straw,x
strawberry,red
streaking,x
strength,x
stretchers,x
striate,x
stringing,x
strings,x
strip,x
stripe,x
striped,x
stripes,x
stripped,x
stripy,x
strong,x
structure,x
structured,x
stubby,x
studio,x
studs,x
stuffed,x
stuffing,x
sturdy,x
style,x
styrene,plastic
suan,x
substitute,x
substrate,x
suckers,x
suction,x
suede,brown
sueitenia,x
sugar,x
sugarshack,wood
sultana,x
sultry,x
sumatra,x
summer,brown
summit,x
sumptuous,x
sun,x
sun-dried,x
sunbrellaa,x
sunburst,x
sunflower,x
sunlight,brown
sunny,yellow
sunrise,x
sunroof,x
sunset,x
sunshine,x
support,x
supports,x
supremo,x
surf,x
surface,x
surfing,x
sussex,x
sustainable,x
sustainably,x
swedish,x
sweet,x
swirl,x
swivel,x
swivelling,x
sycamore,wood
sylvestris,wood
syntax,x
synthesis,x
synthetic,x
t,x
tab,x
table,x
tablet,x
tabletop,x
tacks,x
tahoe,x
tailored,x
taj,x
tajik,x
tall,x
tan,x
tangerine,orange
tanned,x
tanners,x
tannery,x
tapered,x
tapestry,fabric
task,x
taupe,beige
taylor,x
tea,x
tea-tree,x
teak,x
teal,green
techniflex,x
techno,x
technohyde,fabric
technopolymer,plastic
tellurium,x
temp,x
temper,x
tempered,x
temperpedic,x
tempted,x
tennessee,x
terracotta,brown
terrain,black
terylene,fabric
test,x
tex,x
textile,fabric
textiles,fabric
textural,x
textured,x
that,x
thatch,wood
the,x
them,x
then,x
thermoplastic,plastic
thick,x
thickness,x
thin,x
thinly,x
those,x
through,x
thunder,x
thunderbird,x
thyme,x
tibet,x
tibetan,x
tide,x
tied,x
tiger,brown
tigerwood,wood
tile,ceramic
tiles,ceramic
tillage,x
timber,wood
timbers,wood
timberwork,wood
tin,metal
tinted,x
tip,x
tisdall,x
titan,x
titanium,metal
title,x
titron,x
tiverton,x
to,x
toast,x
toasted,x
tobacco,wood
toffee,brown
togo,x
toilet,x
told,x
tomato,red
ton,x
tone,x
tones,x
toon,x
top,x
topaz,brown
topcherry,x
topcoat,x
topmahogany,wood
topmahoganyinlaid,wood
tops,x
torrey,x
tortoise,x
totem,grey
touch,x
toughened,x
town,x
towne,x
townhouse,x
traditional,x
trail,x
tram,x
translucent,x
transparent,x
travertine,rock
treasure,x
treated,x
tree,wood
tree-house,x
treeline,x
trembasi,wood
trestles,x
trevor,x
trim,x
triple,x
tripod,x
tropical,x
trough,x
TRUE,x
truffle,wood
tubby,x
tube,x
tubeplastic,x
tubes,x
tubing,x
tubular,x
tudor,wood
tufted,x
tufting,x
tulip,wood
tulipwood,wood
tundra,x
tung,x
tungsten,metal
turn,x
turnings,x
turquoise,blue
turtledove,x
tuscan,x
tuscany,wood
tusk,x
tweed,fabric
twig,x
twilight,x
twill,fabric
twine,x
twist,x
two,x
type,x
ultra,x
ultramarine,x
umber,x
umbrella,x
unbleached,x
unfinished,x
union,x
unix,x
unstained,x
unstuck,x
up,x
upgraded,x
uph,x
upholstered,x
upholsteredfabric,fabric
upholsteredsolid,x
upholsteredupholstery,x
upholstery,x
upholsteryleather,x
upholsterynail,x
upon,x
urban,x
urchin,x
urethane,fabric
usb,x
user,x
uv,x
valencia,wood
valley,x
van,x
vanilla,beige
vanity,x
various,x
varnish,x
varnished,x
vary,x
varying,x
veg,x
vegan,x
vegetable,x
vein,x
veined,x
velcro,x
vellum,x
velour,fabric
velvet,fabric
velveteen,fabric
velvety,fabric
veneer,NaN
veneeracacia,NaN
veneerbrassacacia,NaN
veneered,NaN
veneermahogany,NaN
veneermahoganybrass,NaN
veneers,NaN
veneersolid,NaN
veneerwalnut,NaN
venner,NaN
venue,x
vera,x
verde,green
verdi,x
verdigris,blue
vermont,wood
verona,x
very,x
vibe,x
vibrant,x
victoria,x
victory,x
view,x
village,wood
vince,x
vino,x
vintage,x
vintagelantern,x
vinyl,wood
viola,x
violet,purple
viridian,green
visconti,x
viscose,x
vista,green
vivid,x
volume,x
von,x
w,x
wabi,x
wagner,x
wallaby,wood
wallpaper,x
walnut,brown
walnutnatural,brown
warm,x
was,x
wash,x
washable,x
washed,x
washington,x
watched,x
water,x
waterpainting,x
waverly,x
waves,x
wax,x
waxed,x
way,x
weather,x
weathered,x
weatherproof,x
weave,x
weaving,x
web,x
webbing,x
wedge,x
weed-free,x
weight,x
weights,x
welded,x
wembley,x
western,x
wheat,beige
wheatgrass,green
wheels,x
whiskey,wood
whisky,x
white,white
whitecushion,x
whiteoaklumber,wood
whitewash,white
whitewashed,white
wi,x
wicker,wood
wild,x
williamsburg,x
willow,wood
wind,x
windowpane,x
windsor,wood
wine,x
wing,x
winsome,x
winter,x
wire,x
wireless,x
with,x
wo,x
wolf,x
womb,x
wonderland,x
wood,wood
wooddecay,wood
wooden,wood
woodgrain,wood
woodlimestone,wood
woodmahogany,wood
woods,wood
woodveneer,wood
wool,fabric
word,x
wording,x
world,x
worn,x
would,x
woven,x
wrapped,x
wrapping,x
wren,x
wright,x
wrinkle,x
writing,x
wrought,x
x,x
yacht,x
yds,x
yellow,yellow
yew,wood
yoko,x
yosemite,x
young,x
your,x
yusuf,x
yvonnealoe,x
zag,x
zealand,x
zebra,x
zen,x
zig,x
zinc,metal
zipper,x
zulu,x
